Artist_firstname,Artiste,Titre,Annee,Genre
,A-Ha,"East if the Sun, West of the Moon",,Rock/Folk
,AC/DC,Blow up Your Video,,Rock/Folk
,AC/DC,Live,,Rock/Folk
,AC/DC,The Razors Edge,,Rock/Folk
"Julian ""Cannonball""",Aderley,Somethin' Else,,Jazz/Blues
,Air !,Moon Safari,,Electro/Rap/Techno
,Aires Tango,Il Manifesto,,World
,Akosh S. Unit,Kebellen,,Jazz/Blues
,Akosh S. Unit,Omeko Live,,Jazz/Blues
,Amon Düül II,Yeti,1970,Rock/Folk
,Arcade Fire,Black Session Juin 2006,,Rock/Folk
,Arcade Fire,Funeral,,Rock/Folk
,Arcade Fire,Neon Bible,,Rock/Folk
,Arno,En concert (à la Française),1997,Français
,Arrested Developement,"3 years, 5 months, and 2 days in the life of…",,Electro/Rap/Techno
,Art Ensemble of Chicago,Coming Home Jamaica,,Jazz/Blues
,Arte Mixo,Deseos,,World
The,Artic Monkey,Whatever people say I am,,Rock/Folk
,Arvo Part,De Profundis,,Classique/Contemporain
,Asian Dub Fundation,R.A.F.I.,,Electro/Rap/Techno
,Assassin,L' Homicide Volontaire,,Français
Atari Teenage Riot,Atari Teenage Riot,1995 - Futur of War,,Rock/Folk
Atomic Kids,Atomic Kids,La Face cachée,,Français
Charles,Aznavour,Charles Aznavour,,Français
Charles,Aznavour,Platinum Collection,,Français
,B-Balls,Best kept Secret,1995,Rock/Folk
Jean-Sébastien,Bach,Cello Suites,2005,Classique/Contemporain
Jean-Sébastien,Bach,Das Wohltemperierte Klavier,,Classique/Contemporain
Jean-Sébastien,Bach,French suites - English suites,,Classique/Contemporain
Jean-Sébastien,Bach,Goldberg Variations BW988 1955,1955,Classique/Contemporain
Jean-Sébastien,Bach,Goldberg Variations BW988 1981,1981,Classique/Contemporain
Jean-Sébastien,Bach,Ich hatte viel Bekümmernis Cantates BWV21 & 42,,Classique/Contemporain
Jean-Sébastien,Bach,Passions,,Classique/Contemporain
Chet,Baker,Chet,,Jazz/Blues
Alain,Bashung,Francofolies de La Rochelle 11 Juillet 2008,2008,Français
,Basia,Time & Tide,,Rock/Folk
Count,Basie,E=MC2,1957,Jazz/Blues
,Beastie Boys,Live 98,,Electro/Rap/Techno
,Beck,Odelay,,Rock/Folk
Ludwig Von,Beethoven,Piano Sonatas,,Classique/Contemporain
Ludwig Von,Beethoven,Symphonies n°1 & 3,,Classique/Contemporain
Ludwig Von,Beethoven,"Symphony n°3 ""Eroica"" - Trio Op.11 - Sextet Op.81b - String Quartet",,Classique/Contemporain
,Bénabar,Les risques du métier,,Français
Hector,Berlioz,Requiem Op.5 - Harold en Italie Op.16,,Classique/Contemporain
,Berurier Noir,Viva Bertaga,,Français
Andrew,Bird,And the mysterious production of eggs,,Rock/Folk
Georges,Bizet,Carmen,,Classique/Contemporain
,Bjork,Blue Nights,,Electro/Rap/Techno
,Bjork,Debut,,Electro/Rap/Techno
,Bjork,Gling-glo,,Electro/Rap/Techno
,Bjork,Homogenic,,Electro/Rap/Techno
,Bjork,Materio,,Electro/Rap/Techno
,Bjork,Post,,Electro/Rap/Techno
,Bjork,Vespertine,,Electro/Rap/Techno
Art,Blackey and the Jazz Messengers,Moanin',1958,Jazz/Blues
Carla,Bley,Escalator Over the Hill,,Jazz/Blues
,Blue Oyster Cult,On your feet or on your knees,,Rock/Folk
,Blues Trottoir,Histoires Courtes,,Français
Jon,Bon Jovi,These days,,Rock/Folk
David,Bowie,Aladin Sane,,Rock/Folk
David,Bowie,Diamond dogs,,Rock/Folk
David,Bowie,Heathen ,,Rock/Folk
David,Bowie,Hunky Dory,1971,Rock/Folk
David,Bowie,Pin Ups,1973,Rock/Folk
David,Bowie,Ziggy Stardust,,Rock/Folk
Johannes,Brahms,Requiem Allemand Op.45,,Classique/Contemporain
Georges,Brassens,Georges Brassens,,Français
Georges,Brassens,Les Copains d'abord,,Français
Georges,Brassens,Mourir pour des idées,,Français
Jacques,Brel,Jacques Brel,,Français
Jacques,Brel,vol.1,,Français
Jacques,Brel,vol.2,,Français
Aristide,Bruant,Chansons et Monologues,,Français
Dave,Brubeck,Time Out,,Jazz/Blues
Jeff,Buckley,Grace,,Rock/Folk
Jeff,Buckley,Libve from the Bataclan,,Rock/Folk
Jeff,Buckley,Live at the Bataclan,,Rock/Folk
,Buckshot Lefonque,Buckshot Lefonque,,Jazz/Blues
,Budka Suflera,"Nic nie Boli, Tak jak Zycie",,Rock/Folk
,Buena Vista Social Club,Buena Vista Social Club,,World
Grant Lee,Buffalo,Fuzzy,,Rock/Folk
,Bunbury,Rdical Sonora,1997,Rock/Folk
,Bush,Everything Zen,,Rock/Folk
,Cali,L'amour Parfait,2005,Français
,Cali,Menteur,,Français
,Camille,Le Fil,,Français
,Carmel,Collected,,Rock/Folk
James,Carter,Chasin' the Gipsy,,Jazz/Blues
James,Carter,Conversin' with the Elders,,Jazz/Blues
James,Carter,JC on the Set,,Jazz/Blues
James,Carter,Jurassic Classics,,Jazz/Blues
James,Carter,Layin' in the Cut,,Jazz/Blues
James,Carter,Live,,Jazz/Blues
James,Carter,Live at Baker's Keyboard Lounge,,Jazz/Blues
James,Carter,Live Hot Brass 1996,1996,Jazz/Blues
James,Carter,The Real Quietstorm,,Jazz/Blues
Johnny,Cash,At Folsom prison,,Rock/Folk
Johnny,Cash,At St Quentin0,,Rock/Folk
Nick,Cave,Murder Ballads,1996,Rock/Folk
,Celtas Cortos,Nos vemos en los bares,,Rock/Folk
,Champion,Chill'em all,,Rock/Folk
,Cheer,Lovehearts,,Rock/Folk
,Chokebore,A part from Life,,Rock/Folk
Frédéric,Chopin,Vol 2 : Sonata n°3 - Mazurkas,,Classique/Contemporain
,Chris de Rennes,La compil' du Réveillon,,Rock/Folk
,City Kids,The Ophans Parade,,Français
Eric,Clapton,From the Cradle,,Jazz/Blues
Eric,Clapton,Unplugged,,Jazz/Blues
,CocoRosie,La maison de mon rêve,,Electro/Rap/Techno
,CocoRosie,The adventures of ghosthorse and stillborn,2007,Electro/Rap/Techno
,Cocteau Twins,Treasure,,Rock/Folk
John,Coltrane,A Love Supreme,,Jazz/Blues
John,Coltrane,Africa/Brass,,Jazz/Blues
John,Coltrane,Ascension,,Jazz/Blues
John,Coltrane,Ballads,,Jazz/Blues
John,Coltrane,Blue Train,,Jazz/Blues
John,Coltrane,Coltrane,,Jazz/Blues
John,Coltrane,Crescent,,Jazz/Blues
John,Coltrane,Duke Ellington and John Coltrane,,Jazz/Blues
John,Coltrane,Impressions,,Jazz/Blues
John,Coltrane,John Coltrane and Johnny Hartman,,Jazz/Blues
John,Coltrane,Kulu Sé Mana,,Jazz/Blues
John,Coltrane,Live at Birdland,,Jazz/Blues
John,Coltrane,Live at the Village Vanguard,,Jazz/Blues
John,Coltrane,Live in Japan,1966,Jazz/Blues
John,Coltrane,Meditations,,Jazz/Blues
John,Coltrane,New thing at Newport,,Jazz/Blues
John,Coltrane,The Complete 1961 Village Vanguard Recordings,1961,Jazz/Blues
John,Coltrane,The Complete Africa/Brass Sessions,,Jazz/Blues
John,Coltrane,The Complete Impulse Recording,,Jazz/Blues
John,Coltrane,The heavyweight Champion,,Jazz/Blues
John,Coltrane,The John Coltrane Quartet plays,,Jazz/Blues
,Compulsion,Hi Fi,,Rock/Folk
,Culture,Pay day,,World
,Cypress Hill,Black Sunday,,Electro/Rap/Techno
,Cypress Hill,Cypress Hill,,Electro/Rap/Techno
,Cypress Hill,III (Temple of Boom),,Electro/Rap/Techno
,Cypress Hill,IV,,Electro/Rap/Techno
,Cypress Hill,Live at the Fillmore,,Electro/Rap/Techno
,Daft Punk,Discovery,,Electro/Rap/Techno
,Dan Ar Braz,Finisterres,,Français
,Daran et les chaises,Huit barre,,Français
Richard,De Palmas,Marche dans le sable,,Français
,De Rosa,AfroBlues,,Jazz/Blues
,Dead Can Dance,Toward the Within,,Rock/Folk
,Deee Lite,World Clique,,Rock/Folk
,Deep Purple,In rock,,Rock/Folk
,Deep Purple,Machine Head - Burn,,Rock/Folk
,Deep Purple,Made In Japan,1972,Rock/Folk
,Deftones,Around the Fur,,Rock/Folk
,Diabologum,#3,,Français
,Dimmu Borgir,Spiritual Black Dimensions,,Rock/Folk
,Dinosaur Jr,Where you've been - Without a sound,,Rock/Folk
,Dionysos,Monsters in Love,,Français
,Dionysos,Whatever the weather (acoustique),,Français
,Dionysos,Whatever the weather (electrique),,Français
,DJ Hype & DJ Zinc,DJ Hype & DJ Zinc,,Electro/Rap/Techno
,DJ Krust,Through the Eyes,,Electro/Rap/Techno
,DJ Zinc,DJ Zinc,,Electro/Rap/Techno
Eric,Dolphy,Live at the Five Spot Vol. 1,,Jazz/Blues
Eric,Dolphy,The Complete Prestige Recordings,,Jazz/Blues
,Dominique A,Auguri,2001,Français
,Dominique A,L'horizon,2006,Français
,Dominique A,La mémoire neuve,,Français
,Dominique A,La musique / La matère,2009,Français
,Dominique A,Tout sera comme avant,2004,Français
,Dominique A ,Remué,,Français
Brice,Duisit,Guillaume IX d'Aquitaine,,World
Maurice,Durufle,Requiem,,Classique/Contemporain
Jacques,Dutronc,Casino de Paris,1992,Français
Jacques,Dutronc,Complètement Dutronc,,Français
Bob,Dylan,The Freewheelin' Bob Dylan,,Rock/Folk
Eclipse,Eclipse,Eclipse,,Rock/Folk
Eddy,Mitchell,Mr Eddy,,Français
Eddy,Mitchell,Tout Eddy,,Français
Duke,Ellington,Live at the Whitney,,Jazz/Blues
Duke,Ellington,Money Jungle,,Jazz/Blues
,EMF,Schubert Dip,,Français
,Eurythmics,Greatest Hits,,Rock/Folk
,Experience,Positive karaoke with a gun Negative karaoke with a smile,,Français
,Extreme ,Pornograffitti,,Rock/Folk
Gabriel,Faure,Requiem,,Classique/Contemporain
,Fear Factory,Fear of ancient Machine,,Rock/Folk
,FFF,Free for Fever,,Français
Ella,Fitzgerald,Compact Jazz,,Jazz/Blues
Ella,Fitzgerald,Miss Ella's playhouse,,Jazz/Blues
Ella,Fitzgerald,The Complete Ella in Berlin : Make the Knife,,Jazz/Blues
Ella,Fitzgerald,The Concert Years,,Jazz/Blues
,Fonky Family,Inch Allah,,Français
,Forguette Me Note,Cruciforme,,Français
Aretha,Franklin,The very best of,,Jazz/Blues
,Funambule,Silently with You,,Français
Serge,Gainsbourg,Casino de Paris,,Français
Serge,Gainsbourg,De Gainsbourg a Gainsbarre,,Français
Erroll,Garner,In the mood for love,,Jazz/Blues
Errol,Garner,Soliloquy + At the Piano,,Jazz/Blues
Erroll,Garner,Trio,,Jazz/Blues
Gloria,Gaynor,First be a Woman,,Rock/Folk
,Generation X,Perfects Hits 1975-1981,1975,Rock/Folk
Georges,Gershwin,Rhapsody in Blue,,Classique/Contemporain
Gilberto,Gil,Warner Jazz,,Jazz/Blues
Dexter,Gordon,Go,1962,Jazz/Blues
Théodor,Gouvy,Requiem,,Classique/Contemporain
,Grand Corps Malade,Midi 20,2006,Français
Buddy,Guy,Damn Right I've got the Blues,,Jazz/Blues
Arthur,H,Adieu Tristesse,,Français
Arthur,H,Bachibouzouk,,Français
Arthur,H,En chair et en os,,Français
Arthur,H,Négresse blanche,2003,Français
Charlie,Haden,The Liberation Music Orchestra,,Jazz/Blues
Charlie,Haden,The Liberation Music Orchestra : Dream Keeper,,Jazz/Blues
Johnny,Halliday,Parc des Princes 2003,2003,Français
Herbie,Hancock,Dis is da drums,,Jazz/Blues
Herbie,Hancock,Head Hunters / Cantaloup Island,,Jazz/Blues
Herbie,Hancock,Maiden Voyage,1965,Jazz/Blues
Ben,Harper,Burn to shine,,Rock/Folk
Ben,Harper,Fight for your Mind,,Rock/Folk
Ben,Harper,Live at the Apollo,,Rock/Folk
Ben,Harper,Live at the Apollo,,Rock/Folk
Ben,Harper,Live at the Hollywood Bowl,,Rock/Folk
Ben,Harper,Livre Printemps de Bourges 21 avril 2009 with Relentless 7,2009,Rock/Folk
Ben,Harper,The Will to Live,,Rock/Folk
Ben,Harper,Welcome to the Cruel World,,Rock/Folk
PJ,Harvey,To bring you my love,1995,Rock/Folk
,Hawkwind,Doremi Fasol Latido,1972,Rock/Folk
,Hawkwind,Masters of the universe,,Rock/Folk
Jimi,Hendrix,Are you experienced ?,,Rock/Folk
Jimi,Hendrix,Axis : Bold as Love,,Rock/Folk
Jimi,Hendrix,Blues,,Rock/Folk
Jimi,Hendrix,Electric Ladyland,,Rock/Folk
Jimi,Hendrix,Isle of Wight - Winterland,,Rock/Folk
Jimi,Hendrix,Jimi plays Monterey,,Rock/Folk
Jimi,Hendrix,The Ultimate Experience,,Rock/Folk
Jimi,Hendrix,Woodstock,,Rock/Folk
Jacques,Higelin,Chante Boris Vian,,Français
,Hightone,Bass Temperature,,Electro/Rap/Techno
Billie,Holiday,Lady Day : The complete BH on Columbia 1933-1944,,Jazz/Blues
John Lee,Hooker,Boogie Chilun,,Jazz/Blues
John Lee,Hooker,Mr Lucky,,Jazz/Blues
,IAM,IAM,,Français
,Indochine,Indochine,,Français
,INXS,Welcome to wherever you are,,Rock/Folk
,Iron Butterfly,In-A-Gadda-Da-Vida,,Rock/Folk
,Iron Maiden,Fear of the Dark,,Rock/Folk
,Iron Maiden,Live after Death,,Rock/Folk
,Iron Maiden,The number of the beast,,Rock/Folk
,Iron Maiden,The X Factor,,Rock/Folk
,J,We are the majority,1992,Electro/Rap/Techno
,Jack The Ripper,Ladies First,,Français
,Jad Wio,Fleur de Metal,1992,Français
Ahmad,Jamal,The Essence part I,,Jazz/Blues
,Jefferson Airplane,After bathing at Baxter's,,Rock/Folk
,Jefferson Airplane,Surrealistic pillow,,Rock/Folk
,John Spencer Blues Explosion,Extra Width,,Rock/Folk
,John Spencer Blues Explosion,Extra Width/Mo'Width,,Rock/Folk
,John Spencer Blues Explosion,Orange,,Rock/Folk
Janis,Joplin,In Concert,,Rock/Folk
,Joueurs,Hors des Murs,,Français
,Joy Division,Substance,,Rock/Folk
,Judas Priest,Unleashed in the East,,Rock/Folk
Julio,ulio Iglesias,Tango,,World
,Kat Onoma,Kat Onoma 2001,,Rock/Folk
,Katerine,Border Live + Studio Live,2007,Français
,Katerine,Imbécile,2007,Français
,Katerine,Les Créatures & L'Homme à Trois Mains,1999,Français
,Katerine,Robots après tout,2005,Français
Keith,Jarrett,Warner Jazz,,Jazz/Blues
Kenny,Garret,Triology,,Jazz/Blues
,Kent,Bienvenue au Club,,Français
,Ketama,Konfusion,,World
Keziah,Jones,Blufunk is a fact,,Rock/Folk
,Kickback,Forever War,,Rock/Folk
,Kickback,,,Rock/Folk
,King Crimson,In the court of Crimson King,,Rock/Folk
,King Size,Disfit for a King,,Rock/Folk
Klaus,Nomi,Best of Klaus Nomi,,Rock/Folk
,Korn,Follow the Leader,,Rock/Folk
,Korn,Korn,,Rock/Folk
,Kraftwerk,Radioactivity,1975,Rock/Folk
,Kraftwerk,The Man Machine,1978,Rock/Folk
,KRS One,Return of the Boom Tap,,Electro/Rap/Techno
,Kruder & Dorfmeister,Kruder & Dorfmeister,,Electro/Rap/Techno
Kurt,Elling,Close your eyes,,Jazz/Blues
,Ky-Mani,The journey,1999,Rock/Folk
,La Rue Ketanou,En attendant les caravanes,2000,Français
Bireli,Lagrene,The Complete Gipsy Project,,Jazz/Blues
,Lamb,?,,Electro/Rap/Techno
,Lamb,Fear of Fours,,Electro/Rap/Techno
Boby,Lapointe,Comprend qui peut !,,Français
,Led Zeppelin,How The West Was Win,,Rock/Folk
,Led Zeppelin,IV,,Rock/Folk
Lenny,Kravitz,Lenny Kravitz,,Rock/Folk
Léo,Ferre,Léo Ferre,,Français
Leonard,Cohen,I'm your Fan,,Rock/Folk
Leonard,Cohen,Live in London,2009,Rock/Folk
Leonard,Cohen,Various Positions,,Rock/Folk
Les,Cowboys Fringants,Attache ta tuque !,,Français
Les,Cowboys Fringants,L' expédition,2008,Français
Les,Cowboys Fringants,La Grand-Messe,2005,Français
Les,Garçons Bouchers,La saga des Garçons Bouchers,,Français
Les,Garçons Bouchers,Vacarmélite,,Français
Les,Sales Majestés,Bienvenue  ,,Français
Les,Sales Majestés,Les Sales Majestés,,Français
Les,Satellites,Riches et Celebres,,Français
Les,Tambourinaires du Burundi,Les tambourinaires du Burundi,,World
Les,Wampas,Ma mère me rend folle,,Français
Les,Wampas,Never trust a guy who after having been a punk is now playing electro,,Français
Les,Wampas,Simple et Tendres,,Français
Les,Wampas,Trop Précieux,,Français
Jerry Lee,Lewis,22 original greatest hits,,Rock/Folk
Leyanis,Lopez,Corazon presumido,,World
Ismaël,Lo,Jammu Africa,2003,World
,Lofofora,Lofofora,,Français
Lorena,Mc Kenitt,Lorena Mc Kenitt,,World
Lou,Reed,Retro,,Rock/Folk
Louis,Armstrong,Hello Louis!,,Jazz/Blues
Louis,Armstrong,Porgy & Bess,1958,Jazz/Blues
,Louise Attaque,A plus tard Crocodile,,Français
,Louise Attaque,Black Session,,Français
,Louise Attaque,Louise Attaque,,Français
Julien,Loureau,City Boom Boom,,Jazz/Blues
Julien,Loureau,Gambit,,Jazz/Blues
Julien,Loureau,Julien Loureau Groove Gang,,Jazz/Blues
Julien,Loureau,The Rise,,Jazz/Blues
,Love,Forever Changes,,Rock/Folk
,Lucky Peterson,Beyond Cool,,Jazz/Blues
,Ludwig Von 88,Ce jour heureux et plein d'allegresse,,Français
,Ludwig Von 88,Houlala 2 la Mission,,Français
,Ludwig Von 88,Houlala La mission,,Français
,Ludwig Von 88,Prophètes et nains de jardin,,Français
,Ludwig Von 88,Tout pour le Trash,,Français
,Luke,La tête en arrière,2005,Français
,Lunatic Calm,,,Electro/Rap/Techno
Clint Ruin & Lydia Lunch,Lunch,Stinkfist,,Rock/Folk
,Lunel,Un instant,,Français
Luz,Luz Casa,Luz Casal,,World
Lynda,Lemay,Du coq a l'ame,,Français
Lynda,Lemay,Lynda Lemay,,Français
Lynda,Lemay,Lynda Lemay - Du Cop à l'Ame,,Français
,Lynyrd Skynyrd,Pronouced'leh-nerd 'skin-'nerd,,Rock/Folk
,Mad Pop'X,Yormca,,Français
,Madd Murdock,Madd Murdock,,Français
,Madness,Divine Madness,,Rock/Folk
,Madonna,Ray of Light,,Rock/Folk
,Magic Malik,69-96,,Jazz/Blues
,Magic Malik,Magic Malik,,Jazz/Blues
,Magic Malik,Saoule,2008,Jazz/Blues
,Magic Malik,XP-1,,Jazz/Blues
,Magma,1001°C,,Rock/Folk
,Magma,Attachk,,Rock/Folk
,Magma,Concert Opera de Reims 1976,1976,Rock/Folk
,Magma,Kobaia,,Rock/Folk
,Magma,Kohntark,,Rock/Folk
,Magma,Kohntarkosz,,Rock/Folk
,Magma,Les Voix,1992,Rock/Folk
,Magma,M.D.K.,,Rock/Folk
,Magma,Theatre du Taur,1975,Rock/Folk
,Magma,Theusz Hamtaahk trilogie,2000,Rock/Folk
,Magma,Udu Wudu,,Rock/Folk
,Mano Negra,Casa Babylon,,Français
,Mano Negra,In the Hell of Patchinko,,Français
,Mano Negra,King of Bongo,,Français
,Mano Negra,Mano Negra,,Français
,Mano Negra,Patchanka,,Français
,Mano Solo,La marmaille nue,1993,Français
,Mano Solo,Les animals,2004,Français
,Mano Solo,Les années sombres,,Français
Gerard,Manset,La vallée de la Paix,,Français
Manu,Chao,Clandestino,,Français
Manu,Chao,Sibérie m'était contéee,,Français
Manu,Dibango,Live 91,1991,Jazz/Blues
,Manu le Malin,Manu le Malin,,Electro/Rap/Techno
,Marc Seberg,83,1983,Français
Florent,Marchet,Frère Animal - White Session 2009,2009,Français
,Marco Lipz,Groovy Rock,,Français
,Marco Lipz,Plaines Perdues,1993,Français
Marcus,Miller,Live : The Complete bootleg Collection,,Jazz/Blues
,Marilyn Manson,Antichrist Superstar,,Rock/Folk
,Marilyn Manson,Mechanical Animals,,Rock/Folk
Bob,Marley,Legend,,Rock/Folk
Bob,Marley,Songs of Freedom,,World
Damian,Marley,Welcom to Jamrock,,Rock/Folk
Marvin,Gaye,The Best of,,Rock/Folk
,Massive Attack,Blue Lines,,Rock/Folk
,Massive Attack,Massive Attack vs Mad Professor,,Rock/Folk
,Massive Attack,Mezzanine,,Rock/Folk
,Massive Attack,Protection,,Rock/Folk
Max,Roach,It's Time,,Jazz/Blues
Max,Roach,We insist ! Freedom now suite,1960,Jazz/Blues
,MC Solaar,Chapitre 7,2007,Français
,MC Solaar,Prose Combat,,Français
,MC Solaar,Qui Sème le Vent récolte le Tempo,,Français
Brad,Mehldaud,Art of the trio 4 back at the vanguard,,Jazz/Blues
Melvin,Taylor,Melvin Taylor & the Slack Band,,Jazz/Blues
Freddie,Mercury,The Freddie Mercury Album,,Rock/Folk
George,Michael,Ladies & Gentlemen The Best of,,Rock/Folk
George,Michael,Patience,,Rock/Folk
,Mickey 3D,Live at St Etienne,,Français
,Mickey 3D,Tu vas pas mourir de rire,,Français
Miles,Davis,Birth of the Cool,,Jazz/Blues
Miles,Davis,Bitches Brew,,Jazz/Blues
Miles,Davis,Live at Plugged Nicket vol. 3,1965,Jazz/Blues
Miles,Davis,On the corner,1972,Jazz/Blues
Miles,Davis,Paris Jazz Concerts,1960,Jazz/Blues
Miles,Davis,Steckes of Spain,,Jazz/Blues
Miles,Davis,Tutu,,Jazz/Blues
Miles,Davis,We want Miles,1982,Jazz/Blues
Glenn,Miller,The Glenn Miller Story,,Jazz/Blues
Levon,Minassian,Songs from a world apart,,World
Charles,Mingus,Mingus Mingus Mingus Mingus Mingus,,Jazz/Blues
Charles,Mingus,Passions of a Man,,Jazz/Blues
Charles,Mingus,The great concert,,Jazz/Blues
Charles,Mingus,Tijuana Moods,,Jazz/Blues
Mino,Cinelu,Mino Cinelu,,World
,Miossec,1954,,Français
,Miossec,A Prendre,,Français
,Miossec,Baiser,,Français
,Miossec,Boire,,Français
,Miossec,Brûle,,Français
,Miossec,L'Étreinte,,Français
,Misty Oldland,Supernatural,,Rock/Folk
,Mogwai,Come on die young,,Electro/Rap/Techno
,Mogwai,Kicking a dead pig,,Electro/Rap/Techno
,Mogwai,Rock Action,,Electro/Rap/Techno
,Moloko,Do you like my tight sweeter ?,,Rock/Folk
,Morcheeba,Big Calm,,Electro/Rap/Techno
,Morcheeba,Who can you trust ?,,Electro/Rap/Techno
Alanis,Morissette,Jagges Litlle Pill,,Rock/Folk
,Morphine,?,,Rock/Folk
,Morrisey,Ringleadors of the Tormentors,2006,Rock/Folk
,Morrisey,Vauxhall and I,,Rock/Folk
,Motley Crue,Dr Feelgood,,Rock/Folk
Wolfgang Amadeus,Mozart,Requiem,,Classique/Contemporain
David,Murray,Fo Deuk Revue,,Jazz/Blues
David,Murray,The Tip,,Jazz/Blues
M,Murray Head,Watching ourselves go by,,Rock/Folk
,Muse,Bliss,,Rock/Folk
Nat « King » & Nathali,Cole,Unforgettable,,Jazz/Blues
Natacha,Atlas,Gedida,,World
,Niagara,Religion,,Français
Nick,Cave,Abattoir Blues,,Rock/Folk
Nick,Cave,The lyre of Orpheus,,Rock/Folk
Nils,Landgren,Paint in Blue,,Jazz/Blues
Nina,Simone,My Way,,Jazz/Blues
Nina,Simone,Nina Simone,,Jazz/Blues
,Nirvana,In Utero,,Rock/Folk
,Nirvana,Nevermind,,Rock/Folk
,No Man's Land,b.attitude,1996,Français
,No Man's Land,Contest,1994,Français
,No Man's Land,No Man's Land,1991,Français
,No One Is Innocent,No One Is Innocent,,Rock/Folk
,Noir Desir,666667,,Français
,Noir Desir,666667 Club,,Français
,Noir Desir,Des visages des Figures,,Français
,Noir Desir,Du Ciment sous les Plaines,,Français
,Noir Desir,En public,,Français
,Noir Desir,Ou veux-tu qu'je r'garde,,Français
,Noir Desir,Tostaky,,Français
,Noir Desir,Veuillez rendre l'ame a qui elle appartient,,Français
,Noir Désir,Nous n'avons fait que fuir,2002,Français
Claude,Nougaro,Theâtre des Champs-Elysées,,Français
Nusrat,Fateh Ali Khan,En concert a Paris,,World
Nusrat,Fateh Ali Khan,Mustt Mustt,,World
Nusrat,Fateh Ali Khan,Shahen-Shah,,World
,Ockeghem,Requiem,,Classique/Contemporain
Oliver,Nelson,The Blue & the Abstract Truth,,Jazz/Blues
,Oneyed Jack,Cynique,1996,Français
Carl,Orff,Carmina Burana,,Classique/Contemporain
Ornette,Coleman,Free Jazz,,Jazz/Blues
Ornette,Coleman,Something Else,,Jazz/Blues
Ornette,Coleman,The shape of Jazz to come,,Jazz/Blues
Ornette,Coleman,This is our Music,,Jazz/Blues
Geoffrey,Oryema,Exile,,World
,OTH,Sauvagerie,,Français
,Paganini,24 Caprices,,Classique/Contemporain
,Palace Music,The best of Palace Music,,Rock/Folk
Jarable de,Palo,La Flaca,,World
,Papa Poue,Mots de tete,,Français
,Pet Shop Boys,Behaviour,,Electro/Rap/Techno
,Pet Shop Boys,The Complete Single Collection,,Electro/Rap/Techno
Peter,Gabriel,1st Album,,Rock/Folk
Peter,Gabriel,2nd Album,,Rock/Folk
Peter,Gabriel,3rd Album,,Rock/Folk
Peter,Gabriel,4th Album,,Rock/Folk
Peter,Gabriel,Passion,,Rock/Folk
Peter,Gabriel,Plays Live,,Rock/Folk
Peter,Gabriel,Secret World Live,,Rock/Folk
Peter,Gabriel,Us,,Rock/Folk
Peter,Hammil,The noise,1993,Rock/Folk
Oscar,Peterson,An evening with Oscar Peterson,,Jazz/Blues
Oscar,Peterson,At Carnegie Hall,,Jazz/Blues
Oscar,Peterson,Keyboard,,Jazz/Blues
Oscar,Peterson,Tenderly,,Jazz/Blues
,Phobimaniacs,Nos différences,,Français
Edith,Piaf,35ème anniversaire,,Français
Astor,Piazzola,Milonga Del Angel,,World
Astor,Piazzola,Tango Fever,,World
Pierre,Desproges,Chroniques de la haine ordinaires,,Français
Pierre,Desproges,Les réquisitoires des flagrants délires,,Français
,Pili Pili,Nomansland,,Français
,Pink Floyd,A saucerfull of secret,,Rock/Folk
,Pink Floyd,Animals,,Rock/Folk
,Pink Floyd,Atom Heart Mother,,Rock/Folk
,Pink Floyd,Dark Side of the Moon,,Rock/Folk
,Pink Floyd,Meedle,,Rock/Folk
,Pink Floyd,More,,Rock/Folk
,Pink Floyd,The Piper at the Gates of Down,,Rock/Folk
,Pink Floyd,The Wall,,Rock/Folk
,Pink Floyd,Ummagumma,,Rock/Folk
,Pink Floyd,Wish You Were Here,,Rock/Folk
,Pink Martini,Hang on little Tomato,,Français
,Pink Martini,Sympathique,,Français
,Pixies,Bossanova,,Rock/Folk
,Pixies,Doolitle,,Rock/Folk
,Pixies,Surfer Rosa & Come on Pilgrim,,Rock/Folk
,Pixies,Trompe le Monde,,Rock/Folk
PJ,Harvey,4 Tracks Demo,,Rock/Folk
PJ,Harvey,Dry,1992,Rock/Folk
PJ,Harvey,Is this Desire ?,1998,Rock/Folk
PJ,Harvey,Live Olympia 26 Fevrier 2001,,Rock/Folk
PJ,Harvey,Stories from the City / Stories from the Sea,,Rock/Folk
PJ,Harvey,Uh Huh Her,,Rock/Folk
,Placebo,Sleeping with Ghosts,,Rock/Folk
,Placebo,Sleeping with Ghosts & Covers,,Rock/Folk
Jean-Luc,Ponty,?,,Jazz/Blues
Iggy,Pop,American Caesar,,Rock/Folk
Iggy,Pop,Blah-Blah-Blah,,Rock/Folk
Iggy,Pop,Live Ritz NYC 86,1986,Rock/Folk
,Portishead,Dummy,,Electro/Rap/Techno
,Portishead,Live,,Electro/Rap/Techno
,Portishead,Portishead,,Electro/Rap/Techno
,Prince  ,Diamonds & Pearls,,Rock/Folk
,Prince  ,Music from Purple Rain,,Rock/Folk
,Prince Paul,A Prince Among Thieves,,Electro/Rap/Techno
Finlay,Quaye,Maverick a Strike,,Rock/Folk
,Queen,Innuendo,,Rock/Folk
,Queen Latifah,Nature of a sista',1991,Electro/Rap/Techno
,R.E.M.,Automatic for the People,,Rock/Folk
,R.E.M.,Out of Time,,Rock/Folk
,R.E.M.,The Best of,,Rock/Folk
,Radiohead,Amnesiac,,Rock/Folk
,Radiohead,Hail to the thief,,Rock/Folk
,Radiohead,I might be wrong,,Rock/Folk
,Radiohead,Kid A,,Rock/Folk
,Radiohead,OK Computer,,Rock/Folk
,Radiohead,Pablo Honey,,Rock/Folk
,Radiohead,The Bends,,Rock/Folk
,Rage Against The Machine,Rage Against The Machine,,Rock/Folk
,Rancid,",,, and out come the wolves",,Français
Randy,Weston,Saga,,Jazz/Blues
Randy,Weston,The Spirit of our Ancestors,1991,Jazz/Blues
,Raphaël,Hôtel de l'Univers,,Français
Raul,Paz,Cuba Libre,,World
Raul,Paz,Mulata,,World
,Ravel,Boléro - La Valse - Concertos pour piano,,Classique/Contemporain
,Red Hot Chili Peppers,Californication,,Rock/Folk
,Red Hot Chili Peppers,Red Blood Sugar Sex Magic,,Rock/Folk
,Red Hot Chili Peppers,Welcome to Pu**yland,,Rock/Folk
Joshua,Redman,Live in Boston,,Jazz/Blues
Joshua,Redman,Live in the Village Vanguard,,Jazz/Blues
Joshua,Redman,Momentum,,Jazz/Blues
,Renaud,A la belle de mai,,Français
,Renaud,Amoureux de Paname,,Français
,Renaud,Bobino,,Français
,Renaud,Boucan d'enfer,,Français
,Renaud,Chansons Réalistes,,Français
,Renaud,Laisse Beton,,Français
,Renaud,Le retour de Gérard Lambert,,Français
,Renaud,Ma gonzesse,,Français
,Renaud,Marchand de Cailloux,,Français
,Renaud,Marche a l'Ombre,,Français
,Renaud,Mistral Gagnant,,Français
,Renaud,Morgane de toi…,,Français
,Renaud,Putain de Camion,,Français
,Renaud,Un Olympia pour moi tout seul,1982,Français
,Ridan,Le Rêve ou la Vie,,Français
,Rita Mitsouko,RE,,Français
Rob and his band,Gordon,The Complete Caledonian Ball,,World
Robert,Cray,Shame + A Sin,,Jazz/Blues
Robert,Johnson,King of the Delta Blues,1997,Jazz/Blues
Robert,Miles,Dreamland,,Electro/Rap/Techno
Robert,Palmer,Don't explain,,Electro/Rap/Techno
Cock,Robin,The Best of,,Rock/Folk
Roger,Water,"Music from ""the body""",,Jazz/Blues
Rokia,Traoré,Wanita,,World
,Romano Sclavis Texier,African Flashback,,Jazz/Blues
,Romano Sclavis Texier,Carnet de Routes,,Jazz/Blues
,Romano Sclavis Texier,Suite Africaine,,Jazz/Blues
,Rou Dou Dou,Rou Dou Dou,,Electro/Rap/Techno
,Rue de la muette,Ma mère traîne au café,,Français
Georges,Russell,Ezz-thetics,,Jazz/Blues
,Sade,Lovers Rock,,Rock/Folk
,Saez,Saez,,Français
,Saï Saï,L'esprit du sound,,Français
Carlos,Santana,Supernatural,,Rock/Folk
Alejandro,Sanz,Mas,,World
Erik,Satie,Erik Satie par Anne Quéffélec,1998,Classique/Contemporain
,Saxemble,Saxemble,1996,Jazz/Blues
,Scorpions,World Wide Live,,Rock/Folk
Compay,Segundo,Calle Salud,,World
,Sepultura,Arise,,Rock/Folk
,Sepultura,Chaos A.D.,,Rock/Folk
,Sepultura,Roots,,Rock/Folk
Seu,Jorge,The Life Aquatic Studio Sessions,2004,World
The,Sex Pistols,Never Mind the Bollocks,,Rock/Folk
The,Shangri Las,Best of,,Rock/Folk
,Silmarils,Silmarils,,Français
Horace,Silver,Song for my father,1963,Jazz/Blues
,Simple Minds,Street Fighting Years,,Rock/Folk
,Sinclair,Que Justice soit faite !,,Français
,Sinsemilia,Résistance,,Français
,Siouxie and the Banshees,The Scream,,Rock/Folk
The,Sisters of Mercy,Sisters of Mercy,,Rock/Folk
The,Sixteen Horspower,Low Estate,,Rock/Folk
Skip,James,The Complete 1931 Recordings,1931,Jazz/Blues
,Skunk Anansie,Paranoid and Sunburnt,,Rock/Folk
,Sleeper,Smart,,Rock/Folk
Patti,Smith,Easter,,Rock/Folk
Patti,Smith,Horses,1976,Rock/Folk
Jimmy,Smith,Midnight Special,1961,Jazz/Blues
,Soldat Louis,Aupres de ma bande,1993,Français
,Sonic Youth,Daydream Nation,,Rock/Folk
,Sonic Youth,Dirty,,Rock/Folk
,Sonic Youth,Evol,,Rock/Folk
,Sonic Youth,Experimental Jet Set Trash and no Star,,Rock/Folk
,Sonic Youth,Goo (demo),,Rock/Folk
,Sonic Youth,In the fields od Sonic Love,,Rock/Folk
,Sonic Youth,Sister,,Rock/Folk
,Sonic Youth,SYR2,,Rock/Folk
,Sonic Youth,SYR3,,Rock/Folk
,Sonic Youth,SYR4,,Rock/Folk
,Sonic Youth,SYR5,,Rock/Folk
Sonny,Rollins,A night at the Village Vanguard,1957,Jazz/Blues
Sonny,Rollins,Now is time !,,Jazz/Blues
Sonny,Rollins,Our Man in Jazz,,Jazz/Blues
Sonny,Rollins,Saxophone Colossus,,Jazz/Blues
Sonny,Rollins,Sonny meets Hawk,,Jazz/Blues
Sonny,Rollins,The Bridge,,Jazz/Blues
Sonny,Rollins,The standart Sonny Rollins,,Jazz/Blues
Sonny,Rollins,What's new ?,,Jazz/Blues
,Southside Johnny,Better days,,Rock/Folk
,Spicy Box,Spicy Box,,Electro/Rap/Techno
Stan,Getz,Getz/Gilberto,1963,Jazz/Blues
Stephan,Eicher,Engelberg,,Français
Steve,Coleman,Resistance is futile,,Jazz/Blues
Steve,Coleman,Weaving Symbolics,,Jazz/Blues
Steve,Reich,Different Trains - Triple Quartet - The Four Section,,Classique/Contemporain
Steve,Reich,Sextet - The Desert Music,,Classique/Contemporain
Steve,Reich,Six Marimbas - Different Trains - Kronos Quartet,,Classique/Contemporain
Steve,Reich,Three Movement,,Classique/Contemporain
Steve,Vai,Sex & Religion,,Rock/Folk
,Sting,Brand New Day,,Rock/Folk
,Sting,Mecury Falling,,Rock/Folk
,Sting ,The Soul Cages,,Rock/Folk
Karlheinz,Stockhausen,Helikopter-Streichquartett,1996,Classique/Contemporain
,Stravinsky,L'oiseau de feu - Pulcinella Suite,,Classique/Contemporain
,Stravinsky,Petrouchka - Sacre du Printemps,,Classique/Contemporain
,Supergrass,Pumpin' on your Stereo,1999,Rock/Folk
John,Surman,The amazing adventures of Simon Simon,,Jazz/Blues
,Sweet Smoke,Just a Poke,,Rock/Folk
Syd,Barrett,Barret,,Rock/Folk
Syd,Barrett,Opel,,Rock/Folk
Syd,Barrett,The Madcap Laughs,,Rock/Folk
Talvin,Singh,Presents the soundz of the Asian underground,,Electro/Rap/Techno
,Ten Years After,Ten Years After,,Rock/Folk
Les,Tetes Raides,Gratte Poil,,Français
Les,Tetes Raides,Le bout du toit - Fleur de yeux,,Français
Les,Tetes Raides,T'es fou - Le vent t'invite,,Français
Les,Tetes Raides,Viens !,,Français
The,Auteur,?,,Rock/Folk
The,Beach Boys,Pet Sounds,1966,Rock/Folk
The,Beatles,1962-1966,,Rock/Folk
The,Beatles,1967-1970,,Rock/Folk
The,Blue Aeroplanes,Beatsongs,,Rock/Folk
The,Blue Aeroplanes,Swagger,,Rock/Folk
The,Breeders,Last Splash,,Rock/Folk
The,Chemical Brothers,Dig yourt own hole,,Electro/Rap/Techno
The,Christians,Color,,Rock/Folk
The,Clash,From here to eternity,,Rock/Folk
The,Clash,London Calling,,Rock/Folk
The,Cure,Black Session 15 octobre 2004,,Rock/Folk
The,Cure,Desintegration,,Rock/Folk
The,Cure,Staring at the sea,,Rock/Folk
The,Dictators,Fuck'em if can't take a joke,,Rock/Folk
The,Divine Comedy,Absent Friends,,Rock/Folk
The,Doors,LA Woman,1971,Rock/Folk
The,Doors,Original Motion Picture,,Rock/Folk
The,Doors,The Doors,1966,Rock/Folk
The,Fields of the Nephilim,The Nephilim,,Rock/Folk
The,Flaming Lips,The Soft Bulletin,,Rock/Folk
The,Go betweens,16 lovers lane acoustic demos,1995,Rock/Folk
The,Hives,Veni Vidi Vicious,,Rock/Folk
The,Jesus and Mary Chain,Darklands,,Rock/Folk
The,Kills,Black Session 14 mars 2005,,Rock/Folk
The,Kills,Keep on your mean Side,,Rock/Folk
The,KLF,The White Room,,Français
The,Pogues,The Pogues,,Rock/Folk
The,Police,Every breath you take - The singles,,Rock/Folk
The,Ramones,Ramones,,Rock/Folk
The,Rolling Stones,Black & Blue,,Rock/Folk
The,Rolling Stones,Emotional Rescue,,Rock/Folk
The,Rolling Stones,Exil on Main St.,,Rock/Folk
The,Rolling Stones,Flashpoint,,Rock/Folk
The,Rolling Stones,Goats Head Soup,,Rock/Folk
The,Rolling Stones,It's Only Rock'n'Roll,,Rock/Folk
The,Rolling Stones,Some Girls,,Rock/Folk
The,Rolling Stones,Sticky Fingers,,Rock/Folk
The,Rolling Stones,Stripped,,Rock/Folk
The,Smiths,The Best… 1,,Rock/Folk
The,Stooges,Fun House,,Rock/Folk
The,Stooges,Raw Power,,Rock/Folk
The,Stooges,The Stooges,,Rock/Folk
The,Velvet Underground,Loaded,,Rock/Folk
The,Velvet Underground,The Velvet Underground,,Rock/Folk
The,Velvet Underground,The Velvet Underground & Nico,,Rock/Folk
The,Velvet Underground,V.U.,,Rock/Folk
The,Velvet Underground,Wight light / White Heat,,Rock/Folk
The,Who,"Who's better, who's best",,Rock/Folk
Thelonious,Monk,Alone in San Francisco,1959,Jazz/Blues
Thelonious,Monk,Criss-Cross,1962,Jazz/Blues
Thelonious,Monk,Monk in France,1961,Jazz/Blues
Thelonious,Monk,Monk's dream,1962,Jazz/Blues
Thelonious,Monk,Solo Monk,1965,Jazz/Blues
Thelonious,Monk,"Straight, No Chaser",1966,Jazz/Blues
Thelonious,Monk,Thelonious Himself,1957,Jazz/Blues
Thelonious,Monk,Thelonious Monk with John Coltrane,1957,Jazz/Blues
Thelonious,Monk,Underground,1968,Jazz/Blues
Thelonious,Monk,With John Coltrane at Carnegie Hall,1957,Jazz/Blues
Hubert-Félix,Thiefaine,Autorisation de delirer,,Français
Hubert-Félix,Thiefaine,De l'amour de l'art ou du cochon - Dernières balises (avant mutation),,Français
Hubert-Félix,Thiefaine,Fragments d'hébétude,,Français
Hubert-Félix,Thiefaine,Tout corps vivant branche sur le secteur…,,Français
Hubert-Félix,Thiefaine,Was ist dass rock'n'roll,,Français
Thomas,Fersen,Pièce montée des grands jours,2003,Français
Tiken Jah,Fakoly,Francafrique,,Français
,Tin Machine,Tin Machine II,,Rock/Folk
,Todo Tango,Todo Tango,,World
Tom,Mc Rae,All Maps Welcome,,Rock/Folk
Tom,Mc Rae,Black Session 2005,,Rock/Folk
Tony Joe,White,Closer to the Truth,,Rock/Folk
Tracy,Chapman,Crossroads,,Rock/Folk
Tracy,Chapman,Tracy Chapman,,Rock/Folk
,Tricky,Angels with dirty faces,,Electro/Rap/Techno
,Tricky,Maxinquaye,,Electro/Rap/Techno
,Tricky,Pre-Millenium Tension,,Electro/Rap/Techno
,Tricky,Vulnerable,,Electro/Rap/Techno
,Triumph,Classics,,Rock/Folk
Erik,Truffaz,Bending the Corner,,Jazz/Blues
Erik,Truffaz,Out of the Dreamn,,Jazz/Blues
,Trust,Marche ou Creve,,Français
,Trust,Tournée 1980,,Français
,Tryo,Faut qu'ils s'activent,,Français
,Tryo,Mamagubida,,Français
,U2,Achtung Baby,,Rock/Folk
,U2,War,,Rock/Folk
,UB40,Labour of love,,Rock/Folk
,UB40,The Best of vol.1,,Rock/Folk
,Urban Species,Listen,,Electro/Rap/Techno
,US3,Broadway & 52nd,,Electro/Rap/Techno
,US3,Hand on the Torche,,Electro/Rap/Techno
Christian,Vander,Interview France Inter 2000,,Rock/Folk
Christian,Vander,Offerig I et II,,Rock/Folk
Christian,Vander,Wurdah Itah,,Rock/Folk
Vanessa,Paradis,Bliss,,Français
Vanessa,Paradis,Vanessa Paradis,,Français
,Various,Santa's Christmas Collection,,Jazz/Blues
Boris,Vian,Boris Vian,,Français
,Vibrations,"Introuvables & Remix vol,1",1995,Rock/Folk
Vincent,Delerm,15 Chansons,2008,Français
Vincent,Delerm,Vincent Delerm,,Français
,Vision of Disorder,Vision of Disorder,,Rock/Folk
,VRP,Vacances Prolongées,,Français
,VRP,VRP,,Français
Groover,Washington jr,The Best of,,Rock/Folk
Wayne,Kranmer,The hard Stuff,,Rock/Folk
Wayne,Shorter,Speak No Evil,1964,Jazz/Blues
,Weather Report,Heavy Weather,,Jazz/Blues
Wes,Montgomery,Bumpin',,Jazz/Blues
Barry,White,The Ultimate Collection,,Rock/Folk
Wynton,Wynton Marsali,Movement,,Jazz/Blues
,XIII Bis Records,13,,Rock/Folk
,XTC,Gribouillage,,Français
Yann,Tiersen,Le Phare,,Français
Yann,Tiersen,Les Retrouvailles,,Français
Yoko,Ono,Walking on thin ice,,Rock/Folk
Youssou,N'Dour,Joko,,World
Youssou,N'Dour,The Best of,,World
Youssou,N'Dour,The Guide (Wommat),,World
Yuri,Buenaventura,Herencia Africana,,World
Zakir,Hussein,Zakir Hussein,,World
Frank,Zappa,?,,Rock/Folk
Frank,Zappa,Hot Rats,,Rock/Folk
Frank,Zappa,Lather,,Rock/Folk
Frank,Zappa,Make a Jazz Noise Here,,Rock/Folk
Frank,Zappa,Sheik Yerbouti,,Rock/Folk
,Zebda,Essence Ordinaire,,Français
,Zebda,Utopie d'occase,,Français
,Zen Zila,Mais ou on va comme ca,2005,Français
,Divers,150 ans de passions dans l'Opéra français,,Classique/Contemporain
,Divers,25 Geants du Jazz,,Jazz/Blues
,Divers,A look at French Opera de Lully à Poulenc,,Classique/Contemporain
,Divers,Absolute Hard Techno,,Electro/Rap/Techno
,Divers,Actrices,,Français
,Divers,Avec Léo,,Français
,Divers,Benicassim 1997,1997,Rock/Folk
,Divers,Black Cat White Cat,,World
,Divers,Boucherie Production,,Français
,Divers,Chat Noir Chat Blanc,,World
,Divers,Dr Heavy & Mr Hard,,Rock/Folk
,Divers,Flamenco Vivo,,World
,Divers,Gadjo Dilo,,World
,Divers,Génération Musique 1996,1996,Rock/Folk
,Divers,Gipsy Jazz School,,Jazz/Blues
,Divers,Guitarra Flamenca,,World
Leonard,Cohen,I'm you man,,Rock/Folk
,Divers,Jackie Brown,,Rock/Folk
,Divers,Jamon Jamon,,World
,Divers,Jazz,,Jazz/Blues
,Divers,Kansas City,,Jazz/Blues
,Divers,Kill Bill vol.1,,Rock/Folk
,Divers,L'alphabet du Jazz,,Jazz/Blues
,Divers,La Fièvre tout le temps,,World
,Dominique A,La fossette,,Français
,Divers,Le Destin,,World
,Divers,Les plus belles comptines italiennes,,World
,Divers,Midem'96,1996,Rock/Folk
,Divers,Motives,,Français
,Divers,Mozart en Egypte,1997,World
,Divers,New York New York,,Jazz/Blues
,Divers,Pas vu à la télé 1,2006,Français
,Divers,Pas vu à la télé 2,2007,Français
,Divers,Pulp Fiction,,Rock/Folk
,Divers,Rock Pop à L'est 1995-1996,1995,Rock/Folk
,Divers,Schweiz Rock,,Rock/Folk
,Dominique A,Si je connais Harry,,Français
,Divers,Sine : Vive le jazz,,Jazz/Blues
,Divers,Spirit Of Africa,1999,World
,Divers,Strange Days,,Rock/Folk
,Divers,Talkin' Loud Two,,Electro/Rap/Techno
,Divers,Techno,,Electro/Rap/Techno
,Divers,The best of Pulp Fusion,,Electro/Rap/Techno
,Divers,The Cuba Son,,World
,Divers,The Soul of a Man,,Jazz/Blues
,Divers,Transmusicales 1995,1995,Rock/Folk
,Divers,Underground,,World
,Divers,Une rentree 2003 vol2,2003,Rock/Folk
,Divers,Victoires de la musique classique - Révélations 2005 ,,Classique/Contemporain
,Divers,What is Jazz ?,,Jazz/Blues
